event_id,event_start_date,event_end_date,peak_date,peak_streamflow_m3s,event_duration_days,event_mean_streamflow_m3s
1,1957-07-21,1957-07-23,1957-07-21,134.212,3,121.11666666666666
2,1957-07-31,1957-08-31,1957-08-19,230.317,32,151.14109374999998
3,1957-09-05,1957-09-25,1957-09-09,178.02,21,120.50023809523807
4,1957-09-27,1957-09-27,1957-09-27,81.121,1,81.121
5,1957-10-20,1957-10-31,1957-10-23,169.139,12,122.218
6,1958-03-15,1958-03-24,1958-03-20,114.827,10,102.57509999999999
7,1958-06-13,1958-06-19,1958-06-16,96.463,7,92.89500000000001
8,1958-08-08,1958-08-12,1958-08-10,98.78,5,92.873
9,1958-09-08,1958-09-08,1958-09-08,82.107,1,82.107
10,1958-09-11,1958-09-12,1958-09-11,98.78,2,90.4435
11,1958-09-15,1958-09-16,1958-09-16,103.715,2,100.2175
12,1958-09-25,1958-09-26,1958-09-25,118.861,2,104.4795
13,1958-10-07,1958-10-07,1958-10-07,110.296,1,110.296
14,1958-10-31,1958-11-05,1958-11-01,169.139,6,143.94133333333335
15,1958-11-11,1958-11-12,1958-11-11,125.932,2,106.7565
16,1958-11-17,1958-11-22,1958-11-17,147.435,6,115.6195
17,1958-12-03,1958-12-04,1958-12-03,115.095,2,99.84
18,1959-02-23,1959-02-23,1959-02-23,92.885,1,92.885
19,1959-04-26,1959-04-28,1959-04-27,118.321,3,105.58
20,1959-05-22,1959-05-22,1959-05-22,97.749,1,97.749
21,1959-09-02,1959-09-05,1959-09-03,102.411,4,94.20125
22,1959-09-12,1959-09-13,1959-09-12,83.343,2,82.725
23,1959-09-27,1959-09-30,1959-09-29,148.859,4,123.66275000000002
24,1960-02-04,1960-02-05,1960-02-04,116.436,2,108.125
25,1960-03-03,1960-03-06,1960-03-03,151.145,4,125.21525000000001
26,1960-04-07,1960-04-07,1960-04-07,97.749,1,97.749
27,1960-06-24,1960-06-24,1960-06-24,101.89,1,101.89
28,1960-08-01,1960-08-02,1960-08-01,136.72,2,118.526
29,1960-08-15,1960-08-15,1960-08-15,105.024,1,105.024
30,1960-08-18,1960-08-20,1960-08-18,153.152,3,133.23499999999999
31,1960-09-01,1960-09-03,1960-09-01,162.698,3,128.52533333333335
32,1960-10-26,1960-10-28,1960-10-27,130.332,3,109.49366666666667
33,1961-02-23,1961-02-25,1961-02-25,91.616,3,89.765
34,1961-02-27,1961-02-28,1961-02-28,102.932,2,95.5075
35,1961-03-19,1961-03-27,1961-03-22,152.578,9,127.00911111111112
36,1961-09-07,1961-09-07,1961-09-07,84.088,1,84.088
37,1961-09-10,1961-09-14,1961-09-11,141.208,5,112.82399999999998
38,1961-09-28,1961-10-04,1961-09-30,153.152,7,130.75271428571426
39,1961-10-12,1961-10-12,1961-10-12,87.581,1,87.581
40,1961-10-14,1961-10-29,1961-10-15,169.728,16,111.45174999999999
41,1961-11-01,1961-11-13,1961-11-03,193.06,13,153.93176923076925
42,1962-05-22,1962-05-22,1962-05-22,89.593,1,89.593
43,1962-07-17,1962-07-18,1962-07-18,133.1,2,121.30099999999999
44,1962-07-27,1962-07-29,1962-07-28,135.325,3,111.56133333333334
45,1962-09-19,1962-09-24,1962-09-20,155.741,6,123.65666666666665
46,1963-01-30,1963-02-11,1963-02-02,193.06,13,148.66153846153844
47,1963-02-28,1963-03-03,1963-03-01,150.001,4,113.7605
48,1963-03-23,1963-03-29,1963-03-24,188.215,7,131.07814285714286
49,1963-08-15,1963-08-17,1963-08-16,123.473,3,108.29933333333332
50,1963-08-22,1963-08-22,1963-08-22,93.904,1,93.904
51,1963-08-26,1963-08-26,1963-08-26,86.579,1,86.579
52,1963-09-27,1963-10-12,1963-09-28,201.61,16,139.1400625
53,1963-10-17,1963-10-24,1963-10-18,142.335,8,108.72537499999999
54,1963-11-08,1963-11-14,1963-11-11,172.087,7,127.169
55,1964-10-27,1964-10-27,1964-10-27,109.237,1,109.237
56,1965-05-15,1965-05-16,1965-05-15,130.884,2,108.357
57,1965-07-04,1965-07-06,1965-07-04,86.33,3,85.58166666666666
58,1965-08-18,1965-08-31,1965-08-20,237.598,14,172.4327857142857
59,1965-09-05,1965-09-15,1965-09-07,192.372,11,146.58572727272727
60,1965-09-20,1965-09-20,1965-09-20,94.84,1,94.84
61,1965-11-20,1965-11-20,1965-11-20,87.284,1,87.284
62,1965-11-22,1965-11-23,1965-11-23,118.686,2,117.575
63,1965-11-27,1965-11-28,1965-11-27,99.607,2,91.523
64,1965-12-22,1965-12-23,1965-12-23,104.308,2,102.813
65,1966-02-09,1966-02-28,1966-02-18,206.327,20,164.25490000000002
66,1966-03-26,1966-03-26,1966-03-26,98.011,1,98.011
67,1966-04-25,1966-04-27,1966-04-25,149.089,3,126.73766666666667
68,1966-06-18,1966-06-18,1966-06-18,114.252,1,114.252
69,1966-09-02,1966-09-07,1966-09-04,158.3,6,117.10699999999999
70,1966-12-13,1966-12-14,1966-12-13,100.674,2,92.0565
71,1967-02-12,1967-02-15,1967-02-13,129.385,4,117.36025000000001
72,1967-06-06,1967-06-06,1967-06-06,103.193,1,103.193
73,1967-08-24,1967-08-27,1967-08-26,145.73,4,130.224
74,1967-09-09,1967-09-10,1967-09-09,124.837,2,104.95949999999999
75,1967-09-13,1967-09-14,1967-09-13,119.672,2,114.98400000000001
76,1967-09-19,1967-09-29,1967-09-22,160.952,11,129.5377272727273
77,1967-10-29,1967-10-30,1967-10-30,105.548,2,99.5985
78,1967-11-29,1967-11-30,1967-11-30,101.44,2,94.13499999999999
79,1967-12-03,1967-12-03,1967-12-03,80.629,1,80.629
80,1968-09-13,1968-09-15,1968-09-14,108.18,3,95.37766666666666
81,1968-09-21,1968-09-23,1968-09-21,110.031,3,102.60133333333334
82,1968-11-04,1968-11-04,1968-11-04,86.752,1,86.752
83,1968-11-09,1968-11-11,1968-11-10,136.972,3,103.86833333333334
84,1968-12-23,1968-12-30,1968-12-25,185.202,8,134.44774999999998
85,1969-01-03,1969-01-04,1969-01-03,97.234,2,92.4075
86,1969-02-20,1969-02-20,1969-02-20,87.331,1,87.331
87,1969-04-02,1969-04-02,1969-04-02,90.603,1,90.603
88,1969-04-05,1969-04-05,1969-04-05,95.182,1,95.182
89,1969-06-23,1969-06-23,1969-06-23,82.354,1,82.354
90,1969-07-09,1969-07-09,1969-07-09,95.438,1,95.438
91,1969-11-09,1969-11-09,1969-11-09,108.225,1,108.225
92,1970-01-07,1970-01-07,1970-01-07,82.421,1,82.421
93,1970-05-20,1970-05-20,1970-05-20,98.543,1,98.543
94,1970-06-23,1970-06-23,1970-06-23,104.702,1,104.702
95,1970-07-02,1970-07-04,1970-07-02,145.855,3,127.093
96,1970-08-29,1970-08-29,1970-08-29,90.652,1,90.652
97,1971-01-02,1971-01-05,1971-01-02,115.91,4,94.91825
98,1971-01-10,1971-01-13,1971-01-11,125.416,4,101.71275
99,1971-02-22,1971-02-23,1971-02-23,98.543,2,95.51050000000001
100,1971-03-05,1971-03-10,1971-03-07,101.209,6,90.69683333333334
101,1971-03-15,1971-03-24,1971-03-16,128.816,10,96.297
102,1971-03-27,1971-03-30,1971-03-27,131.666,4,111.09049999999999
103,1971-04-16,1971-04-19,1971-04-17,176.203,4,129.63075
104,1971-05-08,1971-05-11,1971-05-08,148.5,4,124.09825000000001
105,1971-06-09,1971-06-09,1971-06-09,116.741,1,116.741
106,1971-07-04,1971-07-07,1971-07-05,153.826,4,131.08275
107,1971-08-07,1971-08-07,1971-08-07,101.209,1,101.209
108,1972-02-13,1972-02-15,1972-02-14,103.894,3,95.96766666666667
109,1972-02-18,1972-02-23,1972-02-19,173.748,6,132.97133333333332
110,1972-06-19,1972-06-19,1972-06-19,121.479,1,121.479
111,1972-07-08,1972-07-08,1972-07-08,93.788,1,93.788
112,1972-08-04,1972-08-05,1972-08-04,130.809,2,121.56700000000001
113,1972-08-26,1972-09-04,1972-08-28,166.13,10,132.1381
114,1972-09-19,1972-09-23,1972-09-19,134.82,5,118.6482
115,1972-09-28,1972-09-29,1972-09-28,113.15,2,99.831
116,1972-12-03,1972-12-06,1972-12-04,166.736,4,132.2065
117,1972-12-24,1972-12-26,1972-12-25,166.433,3,128.39266666666666
118,1973-01-14,1973-01-15,1973-01-15,85.484,2,83.19200000000001
119,1973-01-23,1973-01-23,1973-01-23,91.694,1,91.694
120,1973-01-26,1973-01-26,1973-01-26,87.8,1,87.8
121,1973-01-30,1973-01-30,1973-01-30,94.576,1,94.576
122,1973-02-16,1973-02-17,1973-02-16,109.86,2,103.40549999999999
123,1973-05-22,1973-05-23,1973-05-22,165.524,2,152.192
124,1973-06-19,1973-06-19,1973-06-19,83.439,1,83.439
125,1973-06-24,1973-06-27,1973-06-25,146.441,4,116.11850000000001
126,1973-07-22,1973-07-25,1973-07-23,160.999,4,126.70625
127,1973-08-13,1973-08-14,1973-08-14,151.157,2,126.71900000000001
128,1973-08-22,1973-08-23,1973-08-23,134.82,2,113.649
129,1973-08-28,1973-09-04,1973-08-29,182.07,8,133.63324999999998
130,1974-02-25,1974-02-25,1974-02-25,90.652,1,90.652
131,1974-03-17,1974-03-19,1974-03-17,133.958,3,117.17866666666667
132,1974-03-21,1974-03-30,1974-03-24,233.629,10,178.1586
133,1974-11-07,1974-11-07,1974-11-07,112.051,1,112.051
134,1975-08-07,1975-08-07,1975-08-07,98.277,1,98.277
135,1975-08-09,1975-08-12,1975-08-10,140.891,4,104.73799999999999
136,1975-09-08,1975-09-08,1975-09-08,89.353,1,89.353
137,1975-09-11,1975-09-18,1975-09-13,169.776,8,122.58925
138,1975-09-22,1975-09-23,1975-09-22,115.357,2,100.9345
139,1975-10-01,1975-10-06,1975-10-03,149.679,6,106.85466666666667
140,1975-10-14,1975-10-16,1975-10-15,147.617,3,113.372
141,1975-12-09,1975-12-10,1975-12-10,91.694,2,90.26400000000001
142,1975-12-12,1975-12-16,1975-12-14,108.225,5,98.9572
143,1976-01-13,1976-01-19,1976-01-14,131.666,7,113.63828571428571
144,1976-05-15,1976-05-16,1976-05-15,149.975,2,129.64499999999998
145,1976-05-28,1976-06-01,1976-05-29,153.232,5,127.7032
146,1976-08-01,1976-08-01,1976-08-01,95.103,1,95.103
147,1976-08-06,1976-08-13,1976-08-10,148.794,8,106.72149999999999
148,1976-11-30,1976-12-11,1976-12-01,232.64,12,150.8885
149,1976-12-24,1976-12-24,1976-12-24,110.954,1,110.954
150,1977-01-05,1977-01-05,1977-01-05,91.173,1,91.173
151,1977-01-18,1977-01-23,1977-01-19,154.123,6,119.17316666666669
152,1977-02-04,1977-02-14,1977-02-07,141.182,11,104.56209090909088
153,1977-07-23,1977-07-25,1977-07-23,149.975,3,110.86066666666666
154,1977-08-17,1977-08-27,1977-08-18,232.64,11,164.7159090909091
155,1977-10-03,1977-10-04,1977-10-03,115.08,2,108.6805
156,1977-10-17,1977-10-17,1977-10-17,103.086,1,103.086
157,1977-11-12,1977-11-13,1977-11-12,122.32,2,107.399
158,1978-01-20,1978-01-21,1978-01-20,149.089,2,138.5265
159,1978-09-16,1978-09-17,1978-09-16,107.138,2,101.12049999999999
160,1978-12-26,1978-12-27,1978-12-26,136.547,2,132.1135
161,1979-05-10,1979-05-10,1979-05-10,137.702,1,137.702
162,1979-10-03,1979-10-04,1979-10-03,116.741,2,102.6585
163,1979-10-08,1979-10-11,1979-10-09,135.683,4,111.94975
164,1979-10-25,1979-10-28,1979-10-26,166.13,4,118.02125000000001
165,1979-11-09,1979-11-13,1979-11-12,146.441,5,104.69200000000001
166,1980-02-19,1980-02-19,1980-02-19,87.8,1,87.8
167,1980-03-01,1980-03-10,1980-03-01,159.798,10,116.2263
168,1980-04-15,1980-04-15,1980-04-15,95.103,1,95.103
169,1980-07-30,1980-08-05,1980-07-31,201.542,7,135.2317142857143
170,1980-08-21,1980-08-31,1980-08-23,209.853,11,153.71818181818182
171,1980-10-23,1980-10-23,1980-10-23,82.167,1,82.167
172,1980-10-28,1980-10-29,1980-10-28,108.497,2,102.989
173,1980-12-03,1980-12-08,1980-12-04,179.903,6,122.64683333333333
174,1980-12-21,1981-01-05,1980-12-22,227.38,16,164.6980625
175,1981-02-15,1981-02-15,1981-02-15,94.84,1,94.84
176,1981-07-26,1981-07-27,1981-07-26,112.051,2,109.866
177,1982-02-24,1982-02-25,1982-02-24,127.68,2,105.81450000000001
178,1982-06-28,1982-07-02,1982-06-30,149.679,5,128.4196
179,1982-10-08,1982-10-08,1982-10-08,118.13,1,118.13
180,1982-10-24,1982-10-25,1982-10-24,134.82,2,118.2825
181,1982-11-05,1982-11-20,1982-11-07,193.631,16,126.9231875
182,1983-01-07,1983-01-09,1983-01-08,142.055,3,131.28900000000002
183,1983-02-01,1983-02-02,1983-02-01,115.357,2,101.83699999999999
184,1983-02-28,1983-03-06,1983-03-01,144.683,7,104.53257142857142
185,1983-04-06,1983-04-06,1983-04-06,86.512,1,86.512
186,1983-04-19,1983-04-19,1983-04-19,85.228,1,85.228
187,1983-05-02,1983-05-03,1983-05-02,124.288,2,115.3065
188,1983-05-11,1983-05-15,1983-05-11,152.342,5,120.1806
189,1983-05-20,1983-05-29,1983-05-21,178.051,10,124.7248
190,1983-06-13,1983-06-24,1983-06-15,224.107,12,151.32675000000003
191,1983-07-07,1983-08-13,1983-07-12,323.179,38,212.90194736842105
192,1983-08-16,1983-08-26,1983-08-18,216.303,11,146.65518181818183
193,1983-09-23,1983-09-27,1983-09-24,176.818,5,118.56500000000001
194,1983-11-12,1983-11-13,1983-11-12,118.686,2,114.137
195,1984-01-20,1984-01-20,1984-01-20,82.929,1,82.929
196,1984-02-01,1984-02-03,1984-02-01,118.13,3,97.68400000000001
197,1984-06-16,1984-06-22,1984-06-18,148.205,7,114.08885714285715
198,1984-07-07,1984-07-08,1984-07-07,139.729,2,122.62100000000001
199,1984-07-21,1984-07-25,1984-07-22,173.135,5,129.5028
200,1984-08-06,1984-08-19,1984-08-09,266.865,14,185.75642857142853
201,1984-09-26,1984-09-28,1984-09-26,152.045,3,131.87566666666666
202,1984-11-08,1984-11-10,1984-11-08,85.998,3,85.65533333333333
203,1984-12-07,1984-12-10,1984-12-08,170.081,4,128.10825
204,1985-02-15,1985-02-16,1985-02-16,99.607,2,96.82900000000001
205,1985-02-19,1985-02-22,1985-02-20,119.801,4,107.34325
206,1985-03-11,1985-03-11,1985-03-11,118.686,1,118.686
207,1985-03-25,1985-03-26,1985-03-26,96.951,2,91.7315
208,1985-10-21,1985-10-21,1985-10-21,97.481,1,97.481
209,1985-11-04,1985-11-06,1985-11-05,97.481,3,91.55833333333334
210,1986-05-31,1986-06-01,1986-05-31,129.1,2,123.893
211,1986-10-10,1986-10-14,1986-10-11,176.203,5,135.94459999999998
212,1986-11-06,1986-11-10,1986-11-07,169.167,5,128.2502
213,1987-01-15,1987-01-22,1987-01-16,164.013,8,121.603125
214,1987-02-17,1987-02-21,1987-02-19,127.397,5,101.63480000000001
215,1987-04-12,1987-04-16,1987-04-14,165.222,5,128.8398
216,1987-05-08,1987-05-11,1987-05-09,185.488,4,144.79399999999998
217,1987-05-14,1987-05-27,1987-05-16,242.583,14,157.84742857142857
218,1987-06-14,1987-06-15,1987-06-14,109.86,2,104.4675
219,1987-08-13,1987-08-13,1987-08-13,130.524,1,130.524
220,1987-09-11,1987-09-11,1987-09-11,105.783,1,105.783
221,1987-10-02,1987-10-02,1987-10-02,93.263,1,93.263
222,1987-10-15,1987-10-23,1987-10-20,145.561,9,115.46711111111111
223,1988-02-02,1988-02-02,1988-02-02,83.439,1,83.439
224,1988-04-26,1988-04-26,1988-04-26,97.746,1,97.746
225,1988-05-04,1988-05-08,1988-05-05,169.776,5,127.8984
226,1988-09-14,1988-09-14,1988-09-14,89.872,1,89.872
227,1988-09-21,1988-09-25,1988-09-22,165.222,5,134.4438
228,1989-01-28,1989-01-29,1989-01-28,110.681,2,103.9485
229,1989-01-31,1989-02-03,1989-02-02,98.011,4,90.83824999999999
230,1989-05-04,1989-05-09,1989-05-04,136.547,6,117.61816666666665
231,1989-08-25,1989-08-26,1989-08-26,121.026,2,113.681
232,1989-09-09,1989-09-22,1989-09-13,235.084,14,153.47857142857143
233,1989-09-24,1989-09-26,1989-09-25,122.656,3,101.96266666666666
234,1989-10-04,1989-10-04,1989-10-04,81.613,1,81.613
235,1990-01-02,1990-01-04,1990-01-03,133.656,3,121.14
236,1990-01-12,1990-01-18,1990-01-15,98.522,7,89.84971428571428
237,1990-01-21,1990-01-24,1990-01-22,96.207,4,91.3105
238,1990-02-11,1990-02-18,1990-02-12,173.566,8,142.9805
239,1990-02-25,1990-02-26,1990-02-25,83.591,2,82.356
240,1990-04-09,1990-04-10,1990-04-09,118.591,2,104.47049999999999
241,1990-04-28,1990-04-29,1990-04-28,121.297,2,106.203
242,1990-05-30,1990-06-15,1990-06-07,216.784,17,154.30164705882353
243,1990-07-19,1990-07-19,1990-07-19,82.601,1,82.601
244,1990-07-21,1990-07-21,1990-07-21,92.885,1,92.885
245,1990-07-25,1990-07-25,1990-07-25,83.096,1,83.096
246,1990-08-20,1990-08-20,1990-08-20,84.833,1,84.833
247,1990-09-09,1990-09-10,1990-09-09,134.768,2,118.5895
248,1990-09-13,1990-09-17,1990-09-13,157.763,5,120.6036
249,1990-09-22,1990-09-24,1990-09-23,105.548,3,90.75099999999999
250,1990-10-10,1990-10-24,1990-10-11,194.58,15,141.50320000000002
251,1990-11-09,1990-11-12,1990-11-10,115.631,4,95.80375
252,1991-06-23,1991-06-23,1991-06-23,104.762,1,104.762
253,1991-10-11,1991-10-16,1991-10-13,89.089,6,85.71533333333332
254,1991-11-02,1991-11-09,1991-11-04,172.678,8,128.675625
255,1991-12-16,1991-12-17,1991-12-16,138.96,2,128.6405
256,1992-02-02,1992-02-02,1992-02-02,90.35,1,90.35
257,1992-05-28,1992-06-12,1992-05-30,261.882,16,177.300875
258,1992-06-30,1992-07-12,1992-07-07,180.406,13,138.0314615384615
259,1992-08-10,1992-08-14,1992-08-11,109.237,5,102.6404
260,1992-08-19,1992-08-19,1992-08-19,87.331,1,87.331
261,1992-09-24,1992-09-27,1992-09-26,144.596,4,114.931
262,1993-02-22,1993-02-28,1993-02-23,147.719,7,114.56985714285715
263,1993-03-03,1993-03-04,1993-03-04,92.885,2,86.88
264,1993-05-06,1993-05-06,1993-05-06,98.007,1,98.007
265,1993-06-05,1993-06-05,1993-06-05,85.83,1,85.83
266,1993-07-03,1993-07-16,1993-07-06,270.748,14,188.82564285714287
267,1993-09-24,1993-10-17,1993-10-08,161.825,24,123.83458333333333
268,1993-10-27,1993-11-01,1993-10-29,103.977,6,95.88833333333332
269,1993-12-07,1993-12-16,1993-12-10,128.677,10,110.45
270,1994-02-15,1994-03-13,1994-02-27,160.371,27,126.46411111111112
271,1994-04-28,1994-05-04,1994-04-29,124.291,7,113.59671428571427
272,1994-05-14,1994-06-08,1994-06-01,133.378,26,113.27615384615386
273,1994-06-22,1994-07-11,1994-07-06,148.859,20,117.54005000000002
274,1994-07-26,1994-07-26,1994-07-26,85.331,1,85.331
275,1994-10-19,1994-10-20,1994-10-19,102.411,2,94.495
276,1994-12-31,1994-12-31,1994-12-31,84.088,1,84.088
277,1995-01-10,1995-01-29,1995-01-22,204.377,20,142.98435
278,1995-07-08,1995-07-08,1995-07-08,81.121,1,81.121
279,1995-10-21,1995-10-22,1995-10-21,98.522,2,92.9265
280,1995-12-28,1996-01-01,1995-12-30,204.069,5,159.4874
281,1996-01-17,1996-01-19,1996-01-18,154.877,3,118.94933333333334
282,1996-01-23,1996-01-23,1996-01-23,92.123,1,92.123
283,1996-01-28,1996-01-29,1996-01-29,87.08,2,85.9565
284,1996-02-01,1996-02-01,1996-02-01,87.581,1,87.581
285,1996-02-03,1996-02-03,1996-02-03,84.585,1,84.585
286,1996-06-27,1996-06-28,1996-06-28,127.577,2,121.47
287,1996-07-09,1996-07-11,1996-07-10,135.604,3,125.457
288,1996-08-10,1996-08-10,1996-08-10,94.67,1,94.67
289,1996-08-15,1996-08-15,1996-08-15,114.024,1,114.024
290,1996-09-09,1996-09-09,1996-09-09,105.548,1,105.548
291,1996-09-27,1996-10-01,1996-09-29,145.73,5,113.87960000000001
292,1997-01-11,1997-01-12,1997-01-11,114.024,2,101.80850000000001
293,1997-01-21,1997-02-13,1997-02-04,214.289,24,138.44954166666668
294,1997-02-15,1997-02-15,1997-02-15,90.098,1,90.098
295,1997-02-25,1997-02-26,1997-02-25,102.932,2,94.381
296,1997-07-20,1997-07-23,1997-07-22,117.782,4,101.20525
297,1997-08-04,1997-08-05,1997-08-04,116.705,2,103.149
298,1997-09-15,1997-09-15,1997-09-15,113.223,1,113.223
299,1997-10-10,1997-10-20,1997-10-11,197.323,11,141.62563636363635
300,1997-10-30,1997-11-01,1997-10-30,128.127,3,117.26133333333333
301,1997-11-03,1997-11-18,1997-11-13,155.453,16,116.01849999999999
302,1997-11-27,1997-11-28,1997-11-28,105.024,2,101.2575
303,1998-02-02,1998-02-22,1998-02-11,180.705,21,114.99780952380951
304,1998-02-28,1998-03-03,1998-03-01,89.593,4,86.15899999999999
305,1998-03-31,1998-03-31,1998-03-31,108.708,1,108.708
306,1998-04-24,1998-04-25,1998-04-25,118.861,2,112.33600000000001
307,1998-04-28,1998-05-06,1998-04-29,215.224,9,146.59733333333335
308,1998-05-14,1998-05-17,1998-05-15,154.014,4,119.1785
309,1998-06-24,1998-06-25,1998-06-24,130.884,2,106.86599999999999
310,1998-08-15,1998-08-26,1998-08-16,162.99,12,120.80783333333335
311,1998-09-08,1998-09-10,1998-09-08,142.335,3,112.54833333333333
312,1998-09-13,1998-09-16,1998-09-14,148.289,4,112.542
313,1998-09-20,1998-09-24,1998-09-20,114.292,5,97.24699999999999
314,1998-09-27,1998-09-29,1998-09-28,110.827,3,92.67033333333332
315,1999-04-08,1999-04-08,1999-04-08,83.839,1,83.839
316,1999-06-10,1999-06-11,1999-06-11,116.436,2,102.7625
317,1999-07-03,1999-07-07,1999-07-04,157.474,5,120.85920000000002
318,1999-10-02,1999-10-04,1999-10-03,137.0,3,107.42533333333331
319,1999-11-06,1999-11-07,1999-11-06,150.859,2,130.7105
320,1999-12-04,1999-12-04,1999-12-04,81.121,1,81.121
321,2000-02-16,2000-02-18,2000-02-17,156.03,3,135.96833333333333
322,2000-02-24,2000-02-24,2000-02-24,83.096,1,83.096
323,2000-03-07,2000-03-09,2000-03-07,127.028,3,105.10300000000001
324,2000-07-11,2000-07-12,2000-07-11,96.463,2,90.02699999999999
325,2000-09-12,2000-09-29,2000-09-15,208.08,18,152.42555555555558
326,2000-10-01,2000-10-01,2000-10-01,84.585,1,84.585
327,2000-10-13,2000-10-21,2000-10-14,150.287,9,115.12522222222222
328,2000-10-28,2000-10-28,2000-10-28,101.89,1,101.89
329,2000-12-29,2000-12-30,2000-12-29,88.586,2,87.0835
330,2001-01-12,2001-01-12,2001-01-12,91.109,1,91.109
331,2001-01-20,2001-01-22,2001-01-21,111.358,3,98.496
332,2001-01-31,2001-02-08,2001-02-05,167.377,9,124.18877777777779
333,2001-02-20,2001-02-24,2001-02-20,120.484,5,98.655
334,2001-02-26,2001-02-26,2001-02-26,84.088,1,84.088
335,2001-03-01,2001-03-01,2001-03-01,83.096,1,83.096
336,2001-03-07,2001-03-08,2001-03-07,101.37,2,92.6045
337,2001-04-02,2001-04-02,2001-04-02,82.601,1,82.601
338,2001-05-04,2001-05-09,2001-05-05,192.452,6,137.29133333333334
339,2001-06-26,2001-06-27,2001-06-26,133.1,2,123.4285
340,2001-07-20,2001-07-27,2001-07-21,192.452,8,121.924375
341,2001-09-11,2001-09-11,2001-09-11,97.749,1,97.749
342,2001-09-30,2001-10-14,2001-10-04,157.763,15,128.19173333333333
343,2001-12-01,2001-12-01,2001-12-01,87.832,1,87.832
344,2001-12-06,2001-12-06,2001-12-06,87.581,1,87.581
345,2002-01-11,2002-01-12,2002-01-11,111.89,2,101.4995
346,2002-01-14,2002-01-18,2002-01-16,144.03,5,118.724
347,2002-04-20,2002-04-20,2002-04-20,97.234,1,97.234
348,2002-06-13,2002-06-14,2002-06-13,116.168,2,104.654
349,2002-06-16,2002-06-17,2002-06-17,102.672,2,101.7615
350,2002-07-03,2002-07-03,2002-07-03,92.377,1,92.377
351,2002-08-06,2002-08-07,2002-08-06,89.089,2,85.4745
352,2002-08-15,2002-08-15,2002-08-15,87.331,1,87.331
353,2002-10-06,2002-10-06,2002-10-06,90.098,1,90.098
354,2002-10-31,2002-11-02,2002-11-01,112.689,3,105.089
355,2002-11-04,2002-11-07,2002-11-05,150.573,4,112.32424999999999
356,2002-11-11,2002-11-11,2002-11-11,101.111,1,101.111
357,2002-11-30,2002-12-02,2002-11-30,96.207,3,88.05
358,2002-12-09,2002-12-09,2002-12-09,92.631,1,92.631
359,2002-12-25,2002-12-25,2002-12-25,88.083,1,88.083
360,2003-02-10,2003-02-11,2003-02-10,83.343,2,82.10900000000001
361,2003-05-01,2003-05-01,2003-05-01,93.14,1,93.14
362,2003-06-10,2003-06-10,2003-06-10,88.837,1,88.837
363,2003-12-12,2003-12-18,2003-12-16,163.573,7,120.28157142857143
364,2003-12-22,2003-12-23,2003-12-22,92.631,2,91.4905
365,2004-01-26,2004-01-26,2004-01-26,117.782,1,117.782
366,2004-04-04,2004-04-04,2004-04-04,90.098,1,90.098
367,2004-07-08,2004-07-08,2004-07-08,81.121,1,81.121
368,2004-09-15,2004-09-17,2004-09-17,138.679,3,118.67966666666666
369,2004-09-24,2004-09-26,2004-09-24,94.415,3,89.19733333333333
370,2004-12-08,2004-12-09,2004-12-09,89.845,2,87.339
371,2004-12-11,2004-12-12,2004-12-11,85.83,2,83.2295
372,2005-01-11,2005-01-12,2005-01-11,135.325,2,113.597
373,2005-03-14,2005-03-14,2005-03-14,112.423,1,112.423
374,2005-04-03,2005-04-03,2005-04-03,94.415,1,94.415
375,2005-05-19,2005-05-31,2005-05-20,213.044,13,153.90823076923078
376,2005-07-23,2005-07-25,2005-07-23,125.932,3,107.76933333333334
377,2005-08-10,2005-08-12,2005-08-11,153.726,3,129.87800000000001
378,2005-08-31,2005-09-27,2005-09-02,259.268,28,164.49771428571427
379,2005-10-05,2005-10-12,2005-10-09,139.24,8,109.87275
380,2005-10-17,2005-10-24,2005-10-18,202.224,8,142.04
381,2005-10-29,2005-10-29,2005-10-29,85.581,1,85.581
382,2005-10-31,2005-11-01,2005-10-31,90.098,2,87.46549999999999
383,2006-01-02,2006-01-02,2006-01-02,81.613,1,81.613
384,2006-11-20,2006-11-22,2006-11-21,143.747,3,129.09466666666668
385,2007-03-03,2007-03-05,2007-03-04,106.336,3,100.27166666666666
386,2007-03-19,2007-03-19,2007-03-19,81.121,1,81.121
387,2007-05-14,2007-05-15,2007-05-14,94.415,2,93.396
388,2007-05-18,2007-05-19,2007-05-18,102.151,2,99.43549999999999
389,2007-05-22,2007-05-23,2007-05-22,105.548,2,101.7775
390,2007-09-24,2007-09-24,2007-09-24,92.885,1,92.885
391,2008-02-01,2008-02-02,2008-02-02,119.942,2,107.946
392,2008-03-01,2008-03-01,2008-03-01,100.851,1,100.851
393,2008-04-29,2008-04-30,2008-04-29,96.463,2,94.0395
394,2008-05-03,2008-05-08,2008-05-05,181.602,6,139.149
395,2008-06-29,2008-06-29,2008-06-29,93.649,1,93.649
396,2008-09-13,2008-09-14,2008-09-13,103.193,2,92.40299999999999
397,2008-10-18,2008-11-07,2008-10-27,180.406,21,122.22528571428572
398,2008-11-12,2008-11-16,2008-11-13,150.573,5,119.50520000000002
399,2008-11-21,2008-11-26,2008-11-24,130.608,6,113.83866666666667
400,2009-01-04,2009-01-05,2009-01-04,93.904,2,89.493
401,2009-03-09,2009-03-09,2009-03-09,92.885,1,92.885
402,2009-07-12,2009-07-12,2009-07-12,85.082,1,85.082
403,2009-07-17,2009-07-19,2009-07-17,144.88,3,123.807
404,2009-08-02,2009-08-04,2009-08-03,155.741,3,121.39333333333333
405,2009-08-09,2009-08-11,2009-08-10,135.883,3,105.77866666666667
406,2009-08-20,2009-08-20,2009-08-20,91.109,1,91.109
407,2009-09-09,2009-09-16,2009-09-13,160.662,8,120.426125
408,2009-09-19,2009-09-20,2009-09-19,119.131,2,104.362
409,2009-09-29,2009-10-08,2009-10-02,98.264,10,91.3549
410,2009-11-09,2009-11-09,2009-11-09,80.629,1,80.629
411,2010-01-11,2010-01-15,2010-01-12,154.589,5,118.35719999999999
412,2010-01-21,2010-01-27,2010-01-22,141.208,7,108.12657142857142
413,2010-02-12,2010-02-23,2010-02-13,140.364,12,111.95224999999999
414,2010-04-23,2010-04-24,2010-04-24,88.334,2,84.9735
415,2010-04-26,2010-05-01,2010-04-28,180.107,6,132.24066666666667
416,2010-05-09,2010-05-10,2010-05-09,133.934,2,113.7915
417,2010-05-12,2010-05-26,2010-05-14,204.069,15,115.19206666666668
418,2010-07-20,2010-07-21,2010-07-20,99.814,2,92.448
419,2010-07-23,2010-07-24,2010-07-23,127.577,2,119.33500000000001
420,2010-08-02,2010-08-02,2010-08-02,81.613,1,81.613
421,2010-11-30,2010-12-01,2010-11-30,116.168,2,99.632
422,2011-01-20,2011-01-20,2011-01-20,91.869,1,91.869
423,2011-01-23,2011-01-31,2011-01-27,141.489,9,119.57144444444445
424,2011-02-02,2011-02-02,2011-02-02,87.08,1,87.08
425,2011-02-07,2011-02-17,2011-02-13,133.656,11,107.82481818181819
426,2011-02-22,2011-02-23,2011-02-22,107.652,2,95.25
427,2011-02-28,2011-02-28,2011-02-28,80.629,1,80.629
428,2011-07-02,2011-07-03,2011-07-03,88.083,2,87.9575
429,2011-07-21,2011-07-23,2011-07-22,151.717,3,119.39133333333332
430,2011-08-02,2011-08-03,2011-08-03,86.08,2,85.3325
431,2011-08-09,2011-08-19,2011-08-10,248.88,11,169.43690909090907
432,2011-08-24,2011-08-24,2011-08-24,102.932,1,102.932
433,2011-08-29,2011-09-23,2011-08-31,279.685,26,175.4298846153846
434,2012-01-15,2012-01-16,2012-01-15,115.899,2,106.824
435,2012-01-18,2012-01-20,2012-01-19,96.463,3,93.83733333333332
436,2012-01-25,2012-01-26,2012-01-26,89.089,2,87.45949999999999
437,2012-02-07,2012-02-12,2012-02-08,116.168,6,101.27366666666666
438,2012-06-18,2012-06-20,2012-06-19,155.741,3,112.618
439,2012-06-23,2012-06-24,2012-06-23,112.157,2,104.824
440,2012-10-24,2012-10-24,2012-10-24,93.649,1,93.649
441,2013-03-06,2013-03-08,2013-03-06,149.715,3,130.67666666666665
442,2013-03-21,2013-03-24,2013-03-22,160.371,4,120.2865
443,2013-06-22,2013-06-23,2013-06-22,97.749,2,90.175
444,2013-08-10,2013-08-17,2013-08-12,204.069,8,143.415875
445,2013-08-26,2013-08-29,2013-08-27,158.052,4,132.295
446,2013-09-21,2013-10-02,2013-09-23,236.36,12,169.02266666666668
447,2014-01-05,2014-01-05,2014-01-05,105.811,1,105.811
448,2014-01-13,2014-01-14,2014-01-14,105.811,2,101.009
449,2014-02-28,2014-02-28,2014-02-28,82.848,1,82.848
450,2014-04-03,2014-04-05,2014-04-04,122.112,3,102.42566666666666
451,2014-04-10,2014-04-10,2014-04-10,87.08,1,87.08
452,2014-05-01,2014-05-02,2014-05-02,115.095,2,104.4995
453,2014-05-23,2014-05-24,2014-05-23,135.325,2,114.87
454,2014-06-06,2014-06-16,2014-06-10,167.67,11,116.65345454545454
455,2014-06-27,2014-07-08,2014-06-29,237.956,12,167.97149999999996
456,2014-09-29,2014-10-05,2014-09-30,164.449,7,116.0292857142857
457,2014-10-14,2014-10-16,2014-10-15,156.896,3,115.80433333333333
458,2014-12-22,2014-12-23,2014-12-22,108.444,2,101.04650000000001
459,2015-01-09,2015-01-11,2015-01-09,129.701,3,112.93366666666667
460,2015-01-17,2015-01-23,2015-01-18,160.675,7,113.13742857142857
461,2015-01-27,2015-01-28,2015-01-27,105.772,2,102.465
462,2015-02-03,2015-02-05,2015-02-04,125.711,3,107.38199999999999
463,2015-03-31,2015-03-31,2015-03-31,81.817,1,81.817
464,2015-05-13,2015-05-13,2015-05-13,97.258,1,97.258
465,2015-05-28,2015-05-28,2015-05-28,126.615,1,126.615
466,2015-06-15,2015-06-20,2015-06-15,208.489,6,121.15466666666667
467,2015-07-08,2015-07-11,2015-07-09,140.473,4,109.87675
468,2015-07-15,2015-07-31,2015-07-16,276.442,17,178.81911764705882
469,2015-09-17,2015-11-09,2015-10-23,380.561,54,216.1412777777778
470,2015-12-31,2015-12-31,2015-12-31,89.39,1,89.39
471,2016-02-01,2016-02-10,2016-02-03,259.918,10,157.2935
472,2016-03-03,2016-03-07,2016-03-04,235.564,5,151.0422
473,2016-03-26,2016-03-27,2016-03-26,148.481,2,130.11849999999998
474,2016-04-23,2016-04-24,2016-04-23,152.671,2,143.2405
475,2016-04-27,2016-04-30,2016-04-28,160.928,4,123.88075
476,2016-07-15,2016-07-17,2016-07-15,146.524,3,131.44333333333333
477,2016-10-18,2016-10-29,2016-10-20,203.499,12,129.832
478,2016-12-04,2016-12-05,2016-12-05,122.463,2,104.4045
479,2016-12-21,2016-12-21,2016-12-21,136.413,1,136.413
480,2016-12-29,2017-01-03,2016-12-31,178.451,6,122.77049999999998
481,2017-01-06,2017-01-12,2017-01-07,140.233,7,108.85100000000001
482,2017-01-30,2017-01-30,2017-01-30,99.331,1,99.331
483,2017-02-13,2017-02-13,2017-02-13,106.297,1,106.297
484,2017-04-27,2017-04-27,2017-04-27,83.489,1,83.489
485,2017-05-28,2017-06-18,2017-06-06,467.325,22,298.5186363636363
486,2017-12-25,2017-12-26,2017-12-25,208.489,2,177.50650000000002
487,2018-01-11,2018-01-27,2018-01-11,170.895,17,129.40623529411766
488,2018-08-23,2018-08-23,2018-08-23,86.515,1,86.515
489,2018-08-25,2018-08-25,2018-08-25,102.281,1,102.281
490,2018-09-02,2018-09-09,2018-09-05,226.881,8,159.619
491,2018-11-01,2018-11-01,2018-11-01,119.59,1,119.59
492,2018-11-04,2018-11-04,2018-11-04,112.11,1,112.11
493,2018-12-01,2018-12-01,2018-12-01,96.397,1,96.397
