event_id,input_start_date,input_end_date,target_start_date,target_end_date,input_window_days,target_window_days,event_start_date,event_end_date,peak_date,peak_streamflow_m3s
1,1980-01-02,1980-02-18,1980-02-19,1980-02-19,48,1,1980-02-19,1980-02-19,1980-02-19,87.8
2,1980-01-13,1980-02-29,1980-03-01,1980-03-09,48,9,1980-03-01,1980-03-09,1980-03-01,159.798
3,1980-02-27,1980-04-14,1980-04-15,1980-04-15,48,1,1980-04-15,1980-04-15,1980-04-15,95.103
4,1980-06-12,1980-07-29,1980-07-30,1980-08-04,48,6,1980-07-30,1980-08-04,1980-07-31,201.542
5,1980-07-04,1980-08-20,1980-08-21,1980-08-31,48,11,1980-08-21,1980-08-31,1980-08-23,209.853
6,1980-09-10,1980-10-27,1980-10-28,1980-10-29,48,2,1980-10-28,1980-10-29,1980-10-28,108.497
7,1980-10-16,1980-12-02,1980-12-03,1980-12-07,48,5,1980-12-03,1980-12-07,1980-12-04,179.903
8,1980-11-03,1980-12-20,1980-12-21,1981-01-05,48,16,1980-12-21,1981-01-05,1980-12-22,227.38
9,1980-12-29,1981-02-14,1981-02-15,1981-02-15,48,1,1981-02-15,1981-02-15,1981-02-15,94.84
10,1981-06-08,1981-07-25,1981-07-26,1981-07-27,48,2,1981-07-26,1981-07-27,1981-07-26,112.051
11,1982-01-07,1982-02-23,1982-02-24,1982-02-24,48,1,1982-02-24,1982-02-24,1982-02-24,127.68
12,1982-05-11,1982-06-27,1982-06-28,1982-07-02,48,5,1982-06-28,1982-07-02,1982-06-30,149.679
13,1982-08-21,1982-10-07,1982-10-08,1982-10-08,48,1,1982-10-08,1982-10-08,1982-10-08,118.13
14,1982-09-06,1982-10-23,1982-10-24,1982-10-25,48,2,1982-10-24,1982-10-25,1982-10-24,134.82
15,1982-09-18,1982-11-04,1982-11-05,1982-11-19,48,15,1982-11-05,1982-11-19,1982-11-07,193.631
16,1982-11-20,1983-01-06,1983-01-07,1983-01-09,48,3,1983-01-07,1983-01-09,1983-01-08,142.055
17,1982-12-15,1983-01-31,1983-02-01,1983-02-02,48,2,1983-02-01,1983-02-02,1983-02-01,115.357
18,1983-01-11,1983-02-27,1983-02-28,1983-03-05,48,6,1983-02-28,1983-03-05,1983-03-01,144.683
19,1983-02-17,1983-04-05,1983-04-06,1983-04-06,48,1,1983-04-06,1983-04-06,1983-04-06,86.512
20,1983-03-15,1983-05-01,1983-05-02,1983-05-03,48,2,1983-05-02,1983-05-03,1983-05-02,124.288
21,1983-03-24,1983-05-10,1983-05-11,1983-05-14,48,4,1983-05-11,1983-05-14,1983-05-11,152.342
22,1983-04-02,1983-05-19,1983-05-20,1983-05-29,48,10,1983-05-20,1983-05-29,1983-05-21,178.051
23,1983-04-26,1983-06-12,1983-06-13,1983-06-22,48,10,1983-06-13,1983-06-22,1983-06-15,224.107
24,1983-05-07,1983-06-23,1983-06-24,1983-06-24,48,1,1983-06-24,1983-06-24,1983-06-24,89.872
25,1983-05-20,1983-07-06,1983-07-07,1983-08-13,48,38,1983-07-07,1983-08-13,1983-07-12,323.179
26,1983-06-29,1983-08-15,1983-08-16,1983-08-25,48,10,1983-08-16,1983-08-25,1983-08-18,216.303
27,1983-08-07,1983-09-23,1983-09-24,1983-09-26,48,3,1983-09-24,1983-09-26,1983-09-24,176.818
28,1983-09-25,1983-11-11,1983-11-12,1983-11-13,48,2,1983-11-12,1983-11-13,1983-11-12,118.686
29,1983-12-15,1984-01-31,1984-02-01,1984-02-02,48,2,1984-02-01,1984-02-02,1984-02-01,118.13
30,1984-04-29,1984-06-15,1984-06-16,1984-06-22,48,7,1984-06-16,1984-06-22,1984-06-18,148.205
31,1984-05-20,1984-07-06,1984-07-07,1984-07-08,48,2,1984-07-07,1984-07-08,1984-07-07,139.729
32,1984-06-03,1984-07-20,1984-07-21,1984-07-25,48,5,1984-07-21,1984-07-25,1984-07-22,173.135
33,1984-06-19,1984-08-05,1984-08-06,1984-08-18,48,13,1984-08-06,1984-08-18,1984-08-09,266.865
34,1984-08-09,1984-09-25,1984-09-26,1984-09-28,48,3,1984-09-26,1984-09-28,1984-09-26,152.045
35,1984-10-20,1984-12-06,1984-12-07,1984-12-10,48,4,1984-12-07,1984-12-10,1984-12-08,170.081
36,1984-12-29,1985-02-14,1985-02-15,1985-02-16,48,2,1985-02-15,1985-02-16,1985-02-16,99.607
37,1985-01-02,1985-02-18,1985-02-19,1985-02-22,48,4,1985-02-19,1985-02-22,1985-02-20,119.801
38,1985-01-22,1985-03-10,1985-03-11,1985-03-11,48,1,1985-03-11,1985-03-11,1985-03-11,118.686
39,1985-02-05,1985-03-24,1985-03-25,1985-03-26,48,2,1985-03-25,1985-03-26,1985-03-26,96.951
40,1985-09-03,1985-10-20,1985-10-21,1985-10-21,48,1,1985-10-21,1985-10-21,1985-10-21,97.481
41,1985-09-17,1985-11-03,1985-11-04,1985-11-05,48,2,1985-11-04,1985-11-05,1985-11-05,97.481
42,1986-04-13,1986-05-30,1986-05-31,1986-06-01,48,2,1986-05-31,1986-06-01,1986-05-31,129.1
43,1986-08-23,1986-10-09,1986-10-10,1986-10-13,48,4,1986-10-10,1986-10-13,1986-10-11,176.203
44,1986-09-19,1986-11-05,1986-11-06,1986-11-09,48,4,1986-11-06,1986-11-09,1986-11-07,169.167
45,1986-11-28,1987-01-14,1987-01-15,1987-01-22,48,8,1987-01-15,1987-01-22,1987-01-16,164.013
46,1987-01-01,1987-02-17,1987-02-18,1987-02-21,48,4,1987-02-18,1987-02-21,1987-02-19,127.397
47,1987-02-23,1987-04-11,1987-04-12,1987-04-16,48,5,1987-04-12,1987-04-16,1987-04-14,165.222
48,1987-03-21,1987-05-07,1987-05-08,1987-05-11,48,4,1987-05-08,1987-05-11,1987-05-09,185.488
49,1987-03-27,1987-05-13,1987-05-14,1987-05-26,48,13,1987-05-14,1987-05-26,1987-05-16,242.583
50,1987-04-27,1987-06-13,1987-06-14,1987-06-15,48,2,1987-06-14,1987-06-15,1987-06-14,109.86
51,1987-06-26,1987-08-12,1987-08-13,1987-08-13,48,1,1987-08-13,1987-08-13,1987-08-13,130.524
52,1987-07-25,1987-09-10,1987-09-11,1987-09-11,48,1,1987-09-11,1987-09-11,1987-09-11,105.783
53,1987-08-15,1987-10-01,1987-10-02,1987-10-02,48,1,1987-10-02,1987-10-02,1987-10-02,93.263
54,1987-08-29,1987-10-15,1987-10-16,1987-10-23,48,8,1987-10-16,1987-10-23,1987-10-20,145.561
55,1988-03-09,1988-04-25,1988-04-26,1988-04-26,48,1,1988-04-26,1988-04-26,1988-04-26,97.746
56,1988-03-17,1988-05-03,1988-05-04,1988-05-08,48,5,1988-05-04,1988-05-08,1988-05-05,169.776
57,1988-07-28,1988-09-13,1988-09-14,1988-09-14,48,1,1988-09-14,1988-09-14,1988-09-14,89.872
58,1988-08-04,1988-09-20,1988-09-21,1988-09-25,48,5,1988-09-21,1988-09-25,1988-09-22,165.222
59,1988-12-11,1989-01-27,1989-01-28,1989-01-29,48,2,1989-01-28,1989-01-29,1989-01-28,110.681
60,1988-12-16,1989-02-01,1989-02-02,1989-02-03,48,2,1989-02-02,1989-02-03,1989-02-02,98.011
61,1989-03-17,1989-05-03,1989-05-04,1989-05-08,48,5,1989-05-04,1989-05-08,1989-05-04,136.547
62,1989-07-08,1989-08-24,1989-08-25,1989-08-26,48,2,1989-08-25,1989-08-26,1989-08-26,121.026
63,1989-07-23,1989-09-08,1989-09-09,1989-09-22,48,14,1989-09-09,1989-09-22,1989-09-13,235.084
64,1989-08-07,1989-09-23,1989-09-24,1989-09-26,48,3,1989-09-24,1989-09-26,1989-09-25,122.656
65,1989-11-15,1990-01-01,1990-01-02,1990-01-04,48,3,1990-01-02,1990-01-04,1990-01-03,133.656
66,1989-11-25,1990-01-11,1990-01-12,1990-01-15,48,4,1990-01-12,1990-01-15,1990-01-15,98.522
67,1989-12-04,1990-01-20,1990-01-21,1990-01-24,48,4,1990-01-21,1990-01-24,1990-01-22,96.207
68,1989-12-25,1990-02-10,1990-02-11,1990-02-18,48,8,1990-02-11,1990-02-18,1990-02-12,173.566
69,1990-02-20,1990-04-08,1990-04-09,1990-04-10,48,2,1990-04-09,1990-04-10,1990-04-09,118.591
70,1990-03-11,1990-04-27,1990-04-28,1990-04-29,48,2,1990-04-28,1990-04-29,1990-04-28,121.297
71,1990-04-12,1990-05-29,1990-05-30,1990-06-15,48,17,1990-05-30,1990-06-15,1990-06-07,216.784
72,1990-06-03,1990-07-20,1990-07-21,1990-07-21,48,1,1990-07-21,1990-07-21,1990-07-21,92.885
73,1990-07-23,1990-09-08,1990-09-09,1990-09-10,48,2,1990-09-09,1990-09-10,1990-09-09,134.768
74,1990-07-27,1990-09-12,1990-09-13,1990-09-17,48,5,1990-09-13,1990-09-17,1990-09-13,157.763
75,1990-08-06,1990-09-22,1990-09-23,1990-09-23,48,1,1990-09-23,1990-09-23,1990-09-23,105.548
76,1990-08-23,1990-10-09,1990-10-10,1990-10-24,48,15,1990-10-10,1990-10-24,1990-10-11,194.58
77,1990-09-22,1990-11-08,1990-11-09,1990-11-11,48,3,1990-11-09,1990-11-11,1990-11-10,115.631
78,1991-05-06,1991-06-22,1991-06-23,1991-06-23,48,1,1991-06-23,1991-06-23,1991-06-23,104.762
79,1991-08-25,1991-10-11,1991-10-12,1991-10-14,48,3,1991-10-12,1991-10-14,1991-10-13,89.089
80,1991-09-15,1991-11-01,1991-11-02,1991-11-08,48,7,1991-11-02,1991-11-08,1991-11-04,172.678
81,1991-10-29,1991-12-15,1991-12-16,1991-12-17,48,2,1991-12-16,1991-12-17,1991-12-16,138.96
82,1991-12-16,1992-02-01,1992-02-02,1992-02-02,48,1,1992-02-02,1992-02-02,1992-02-02,90.35
83,1992-04-10,1992-05-27,1992-05-28,1992-06-12,48,16,1992-05-28,1992-06-12,1992-05-30,261.882
84,1992-05-13,1992-06-29,1992-06-30,1992-07-12,48,13,1992-06-30,1992-07-12,1992-07-07,180.406
85,1992-06-23,1992-08-09,1992-08-10,1992-08-14,48,5,1992-08-10,1992-08-14,1992-08-11,109.237
86,1992-07-02,1992-08-18,1992-08-19,1992-08-19,48,1,1992-08-19,1992-08-19,1992-08-19,87.331
87,1992-08-07,1992-09-23,1992-09-24,1992-09-27,48,4,1992-09-24,1992-09-27,1992-09-26,144.596
88,1993-01-05,1993-02-21,1993-02-22,1993-02-28,48,7,1993-02-22,1993-02-28,1993-02-23,147.719
89,1993-01-15,1993-03-03,1993-03-04,1993-03-04,48,1,1993-03-04,1993-03-04,1993-03-04,92.885
90,1993-03-19,1993-05-05,1993-05-06,1993-05-06,48,1,1993-05-06,1993-05-06,1993-05-06,98.007
91,1993-05-16,1993-07-02,1993-07-03,1993-07-16,48,14,1993-07-03,1993-07-16,1993-07-06,270.748
92,1993-08-07,1993-09-23,1993-09-24,1993-10-01,48,8,1993-09-24,1993-10-01,1993-09-30,134.49
93,1993-08-16,1993-10-02,1993-10-03,1993-10-17,48,15,1993-10-03,1993-10-17,1993-10-08,161.825
94,1993-09-09,1993-10-26,1993-10-27,1993-10-31,48,5,1993-10-27,1993-10-31,1993-10-29,103.977
95,1993-10-21,1993-12-07,1993-12-08,1993-12-16,48,9,1993-12-08,1993-12-16,1993-12-10,128.677
96,1993-12-30,1994-02-15,1994-02-16,1994-03-12,48,25,1994-02-16,1994-03-12,1994-02-27,160.371
97,1994-03-11,1994-04-27,1994-04-28,1994-05-04,48,7,1994-04-28,1994-05-04,1994-04-29,124.291
98,1994-03-27,1994-05-13,1994-05-14,1994-06-08,48,26,1994-05-14,1994-06-08,1994-06-01,133.378
99,1994-05-05,1994-06-21,1994-06-22,1994-06-30,48,9,1994-06-22,1994-06-30,1994-06-25,127.852
100,1994-05-15,1994-07-01,1994-07-02,1994-07-11,48,10,1994-07-02,1994-07-11,1994-07-06,148.859
101,1994-09-01,1994-10-18,1994-10-19,1994-10-20,48,2,1994-10-19,1994-10-20,1994-10-19,102.411
102,1994-11-23,1995-01-09,1995-01-10,1995-01-29,48,20,1995-01-10,1995-01-29,1995-01-22,204.377
103,1995-09-03,1995-10-20,1995-10-21,1995-10-22,48,2,1995-10-21,1995-10-22,1995-10-21,98.522
104,1995-11-10,1995-12-27,1995-12-28,1996-01-01,48,5,1995-12-28,1996-01-01,1995-12-30,204.069
105,1995-11-30,1996-01-16,1996-01-17,1996-01-19,48,3,1996-01-17,1996-01-19,1996-01-18,154.877
106,1995-12-06,1996-01-22,1996-01-23,1996-01-23,48,1,1996-01-23,1996-01-23,1996-01-23,92.123
107,1995-12-12,1996-01-28,1996-01-29,1996-01-29,48,1,1996-01-29,1996-01-29,1996-01-29,87.08
108,1995-12-15,1996-01-31,1996-02-01,1996-02-01,48,1,1996-02-01,1996-02-01,1996-02-01,87.581
109,1996-05-10,1996-06-26,1996-06-27,1996-06-28,48,2,1996-06-27,1996-06-28,1996-06-28,127.577
110,1996-05-22,1996-07-08,1996-07-09,1996-07-11,48,3,1996-07-09,1996-07-11,1996-07-10,135.604
111,1996-06-23,1996-08-09,1996-08-10,1996-08-10,48,1,1996-08-10,1996-08-10,1996-08-10,94.67
112,1996-06-28,1996-08-14,1996-08-15,1996-08-15,48,1,1996-08-15,1996-08-15,1996-08-15,114.024
113,1996-07-23,1996-09-08,1996-09-09,1996-09-09,48,1,1996-09-09,1996-09-09,1996-09-09,105.548
114,1996-08-10,1996-09-26,1996-09-27,1996-10-01,48,5,1996-09-27,1996-10-01,1996-09-29,145.73
115,1996-11-24,1997-01-10,1997-01-11,1997-01-12,48,2,1997-01-11,1997-01-12,1997-01-11,114.024
116,1996-12-04,1997-01-20,1997-01-21,1997-02-13,48,24,1997-01-21,1997-02-13,1997-02-04,214.289
117,1996-12-29,1997-02-14,1997-02-15,1997-02-15,48,1,1997-02-15,1997-02-15,1997-02-15,90.098
118,1997-01-08,1997-02-24,1997-02-25,1997-02-25,48,1,1997-02-25,1997-02-25,1997-02-25,102.932
119,1997-06-03,1997-07-20,1997-07-21,1997-07-23,48,3,1997-07-21,1997-07-23,1997-07-22,117.782
120,1997-06-17,1997-08-03,1997-08-04,1997-08-05,48,2,1997-08-04,1997-08-05,1997-08-04,116.705
121,1997-07-29,1997-09-14,1997-09-15,1997-09-15,48,1,1997-09-15,1997-09-15,1997-09-15,113.223
122,1997-08-23,1997-10-09,1997-10-10,1997-10-19,48,10,1997-10-10,1997-10-19,1997-10-11,197.323
123,1997-09-12,1997-10-29,1997-10-30,1997-11-01,48,3,1997-10-30,1997-11-01,1997-10-30,128.127
124,1997-09-16,1997-11-02,1997-11-03,1997-11-17,48,15,1997-11-03,1997-11-17,1997-11-13,155.453
125,1997-10-10,1997-11-26,1997-11-27,1997-11-28,48,2,1997-11-27,1997-11-28,1997-11-28,105.024
126,1997-12-16,1998-02-01,1998-02-02,1998-02-21,48,20,1998-02-02,1998-02-21,1998-02-11,180.705
127,1998-01-12,1998-02-28,1998-03-01,1998-03-02,48,2,1998-03-01,1998-03-02,1998-03-01,89.593
128,1998-02-11,1998-03-30,1998-03-31,1998-03-31,48,1,1998-03-31,1998-03-31,1998-03-31,108.708
129,1998-03-07,1998-04-23,1998-04-24,1998-04-25,48,2,1998-04-24,1998-04-25,1998-04-25,118.861
130,1998-03-11,1998-04-27,1998-04-28,1998-05-05,48,8,1998-04-28,1998-05-05,1998-04-29,215.224
131,1998-03-27,1998-05-13,1998-05-14,1998-05-17,48,4,1998-05-14,1998-05-17,1998-05-15,154.014
132,1998-05-07,1998-06-23,1998-06-24,1998-06-24,48,1,1998-06-24,1998-06-24,1998-06-24,130.884
133,1998-06-28,1998-08-14,1998-08-15,1998-08-25,48,11,1998-08-15,1998-08-25,1998-08-16,162.99
134,1998-07-22,1998-09-07,1998-09-08,1998-09-09,48,2,1998-09-08,1998-09-09,1998-09-08,142.335
135,1998-07-27,1998-09-12,1998-09-13,1998-09-15,48,3,1998-09-13,1998-09-15,1998-09-14,148.289
136,1998-08-03,1998-09-19,1998-09-20,1998-09-24,48,5,1998-09-20,1998-09-24,1998-09-20,114.292
137,1998-08-11,1998-09-27,1998-09-28,1998-09-28,48,1,1998-09-28,1998-09-28,1998-09-28,110.827
138,1999-04-23,1999-06-09,1999-06-10,1999-06-11,48,2,1999-06-10,1999-06-11,1999-06-11,116.436
139,1999-05-16,1999-07-02,1999-07-03,1999-07-06,48,4,1999-07-03,1999-07-06,1999-07-04,157.474
140,1999-08-15,1999-10-01,1999-10-02,1999-10-04,48,3,1999-10-02,1999-10-04,1999-10-03,137.0
141,1999-09-19,1999-11-05,1999-11-06,1999-11-07,48,2,1999-11-06,1999-11-07,1999-11-06,150.859
142,1999-12-30,2000-02-15,2000-02-16,2000-02-18,48,3,2000-02-16,2000-02-18,2000-02-17,156.03
143,2000-01-19,2000-03-06,2000-03-07,2000-03-08,48,2,2000-03-07,2000-03-08,2000-03-07,127.028
144,2000-05-24,2000-07-10,2000-07-11,2000-07-11,48,1,2000-07-11,2000-07-11,2000-07-11,96.463
145,2000-07-26,2000-09-11,2000-09-12,2000-09-29,48,18,2000-09-12,2000-09-29,2000-09-15,208.08
146,2000-08-26,2000-10-12,2000-10-13,2000-10-20,48,8,2000-10-13,2000-10-20,2000-10-14,150.287
147,2000-09-10,2000-10-27,2000-10-28,2000-10-28,48,1,2000-10-28,2000-10-28,2000-10-28,101.89
148,2000-11-11,2000-12-28,2000-12-29,2000-12-29,48,1,2000-12-29,2000-12-29,2000-12-29,88.586
149,2000-11-25,2001-01-11,2001-01-12,2001-01-12,48,1,2001-01-12,2001-01-12,2001-01-12,91.109
150,2000-12-03,2001-01-19,2001-01-20,2001-01-21,48,2,2001-01-20,2001-01-21,2001-01-21,111.358
151,2000-12-14,2001-01-30,2001-01-31,2001-02-07,48,8,2001-01-31,2001-02-07,2001-02-05,167.377
152,2001-01-03,2001-02-19,2001-02-20,2001-02-21,48,2,2001-02-20,2001-02-21,2001-02-20,120.484
153,2001-01-06,2001-02-22,2001-02-23,2001-02-23,48,1,2001-02-23,2001-02-23,2001-02-23,90.856
154,2001-01-18,2001-03-06,2001-03-07,2001-03-07,48,1,2001-03-07,2001-03-07,2001-03-07,101.37
155,2001-03-17,2001-05-03,2001-05-04,2001-05-08,48,5,2001-05-04,2001-05-08,2001-05-05,192.452
156,2001-05-09,2001-06-25,2001-06-26,2001-06-27,48,2,2001-06-26,2001-06-27,2001-06-26,133.1
157,2001-06-02,2001-07-19,2001-07-20,2001-07-25,48,6,2001-07-20,2001-07-25,2001-07-21,192.452
158,2001-07-25,2001-09-10,2001-09-11,2001-09-11,48,1,2001-09-11,2001-09-11,2001-09-11,97.749
159,2001-08-14,2001-09-30,2001-10-01,2001-10-13,48,13,2001-10-01,2001-10-13,2001-10-04,157.763
160,2001-10-14,2001-11-30,2001-12-01,2001-12-01,48,1,2001-12-01,2001-12-01,2001-12-01,87.832
161,2001-10-19,2001-12-05,2001-12-06,2001-12-06,48,1,2001-12-06,2001-12-06,2001-12-06,87.581
162,2001-11-24,2002-01-10,2002-01-11,2002-01-12,48,2,2002-01-11,2002-01-12,2002-01-11,111.89
163,2001-11-27,2002-01-13,2002-01-14,2002-01-17,48,4,2002-01-14,2002-01-17,2002-01-16,144.03
164,2002-03-03,2002-04-19,2002-04-20,2002-04-20,48,1,2002-04-20,2002-04-20,2002-04-20,97.234
165,2002-04-26,2002-06-12,2002-06-13,2002-06-14,48,2,2002-06-13,2002-06-14,2002-06-13,116.168
166,2002-04-29,2002-06-15,2002-06-16,2002-06-17,48,2,2002-06-16,2002-06-17,2002-06-17,102.672
167,2002-05-16,2002-07-02,2002-07-03,2002-07-03,48,1,2002-07-03,2002-07-03,2002-07-03,92.377
168,2002-06-19,2002-08-05,2002-08-06,2002-08-06,48,1,2002-08-06,2002-08-06,2002-08-06,89.089
169,2002-06-28,2002-08-14,2002-08-15,2002-08-15,48,1,2002-08-15,2002-08-15,2002-08-15,87.331
170,2002-08-19,2002-10-05,2002-10-06,2002-10-06,48,1,2002-10-06,2002-10-06,2002-10-06,90.098
171,2002-09-13,2002-10-30,2002-10-31,2002-11-02,48,3,2002-10-31,2002-11-02,2002-11-01,112.689
172,2002-09-17,2002-11-03,2002-11-04,2002-11-07,48,4,2002-11-04,2002-11-07,2002-11-05,150.573
173,2002-09-24,2002-11-10,2002-11-11,2002-11-11,48,1,2002-11-11,2002-11-11,2002-11-11,101.111
174,2002-10-13,2002-11-29,2002-11-30,2002-11-30,48,1,2002-11-30,2002-11-30,2002-11-30,96.207
175,2002-10-22,2002-12-08,2002-12-09,2002-12-09,48,1,2002-12-09,2002-12-09,2002-12-09,92.631
176,2002-11-07,2002-12-24,2002-12-25,2002-12-25,48,1,2002-12-25,2002-12-25,2002-12-25,88.083
177,2003-03-14,2003-04-30,2003-05-01,2003-05-01,48,1,2003-05-01,2003-05-01,2003-05-01,93.14
178,2003-04-23,2003-06-09,2003-06-10,2003-06-10,48,1,2003-06-10,2003-06-10,2003-06-10,88.837
179,2003-10-25,2003-12-11,2003-12-12,2003-12-18,48,7,2003-12-12,2003-12-18,2003-12-16,163.573
180,2003-11-04,2003-12-21,2003-12-22,2003-12-23,48,2,2003-12-22,2003-12-23,2003-12-22,92.631
181,2003-12-09,2004-01-25,2004-01-26,2004-01-26,48,1,2004-01-26,2004-01-26,2004-01-26,117.782
182,2004-02-16,2004-04-03,2004-04-04,2004-04-04,48,1,2004-04-04,2004-04-04,2004-04-04,90.098
183,2004-07-29,2004-09-14,2004-09-15,2004-09-17,48,3,2004-09-15,2004-09-17,2004-09-17,138.679
184,2004-08-07,2004-09-23,2004-09-24,2004-09-25,48,2,2004-09-24,2004-09-25,2004-09-24,94.415
185,2004-10-22,2004-12-08,2004-12-09,2004-12-09,48,1,2004-12-09,2004-12-09,2004-12-09,89.845
186,2004-11-24,2005-01-10,2005-01-11,2005-01-12,48,2,2005-01-11,2005-01-12,2005-01-11,135.325
187,2005-01-25,2005-03-13,2005-03-14,2005-03-14,48,1,2005-03-14,2005-03-14,2005-03-14,112.423
188,2005-02-14,2005-04-02,2005-04-03,2005-04-03,48,1,2005-04-03,2005-04-03,2005-04-03,94.415
189,2005-04-01,2005-05-18,2005-05-19,2005-05-31,48,13,2005-05-19,2005-05-31,2005-05-20,213.044
190,2005-06-05,2005-07-22,2005-07-23,2005-07-25,48,3,2005-07-23,2005-07-25,2005-07-23,125.932
191,2005-06-23,2005-08-09,2005-08-10,2005-08-12,48,3,2005-08-10,2005-08-12,2005-08-11,153.726
192,2005-07-14,2005-08-30,2005-08-31,2005-09-27,48,28,2005-08-31,2005-09-27,2005-09-02,259.268
193,2005-08-18,2005-10-04,2005-10-05,2005-10-11,48,7,2005-10-05,2005-10-11,2005-10-09,139.24
194,2005-08-30,2005-10-16,2005-10-17,2005-10-23,48,7,2005-10-17,2005-10-23,2005-10-18,202.224
195,2005-09-13,2005-10-30,2005-10-31,2005-10-31,48,1,2005-10-31,2005-10-31,2005-10-31,90.098
196,2006-10-03,2006-11-19,2006-11-20,2006-11-22,48,3,2006-11-20,2006-11-22,2006-11-21,143.747
197,2007-01-14,2007-03-02,2007-03-03,2007-03-05,48,3,2007-03-03,2007-03-05,2007-03-04,106.336
198,2007-03-27,2007-05-13,2007-05-14,2007-05-15,48,2,2007-05-14,2007-05-15,2007-05-14,94.415
199,2007-03-31,2007-05-17,2007-05-18,2007-05-19,48,2,2007-05-18,2007-05-19,2007-05-18,102.151
200,2007-04-04,2007-05-21,2007-05-22,2007-05-23,48,2,2007-05-22,2007-05-23,2007-05-22,105.548
201,2007-08-07,2007-09-23,2007-09-24,2007-09-24,48,1,2007-09-24,2007-09-24,2007-09-24,92.885
202,2007-12-15,2008-01-31,2008-02-01,2008-02-02,48,2,2008-02-01,2008-02-02,2008-02-02,119.942
203,2008-01-13,2008-02-29,2008-03-01,2008-03-01,48,1,2008-03-01,2008-03-01,2008-03-01,100.851
204,2008-03-12,2008-04-28,2008-04-29,2008-04-30,48,2,2008-04-29,2008-04-30,2008-04-29,96.463
205,2008-03-16,2008-05-02,2008-05-03,2008-05-08,48,6,2008-05-03,2008-05-08,2008-05-05,181.602
206,2008-05-12,2008-06-28,2008-06-29,2008-06-29,48,1,2008-06-29,2008-06-29,2008-06-29,93.649
207,2008-07-27,2008-09-12,2008-09-13,2008-09-13,48,1,2008-09-13,2008-09-13,2008-09-13,103.193
208,2008-08-31,2008-10-17,2008-10-18,2008-10-22,48,5,2008-10-18,2008-10-22,2008-10-19,144.88
209,2008-09-06,2008-10-23,2008-10-24,2008-11-07,48,15,2008-10-24,2008-11-07,2008-10-27,180.406
210,2008-09-25,2008-11-11,2008-11-12,2008-11-16,48,5,2008-11-12,2008-11-16,2008-11-13,150.573
211,2008-10-04,2008-11-20,2008-11-21,2008-11-26,48,6,2008-11-21,2008-11-26,2008-11-24,130.608
212,2008-11-17,2009-01-03,2009-01-04,2009-01-04,48,1,2009-01-04,2009-01-04,2009-01-04,93.904
213,2009-01-20,2009-03-08,2009-03-09,2009-03-09,48,1,2009-03-09,2009-03-09,2009-03-09,92.885
214,2009-05-30,2009-07-16,2009-07-17,2009-07-19,48,3,2009-07-17,2009-07-19,2009-07-17,144.88
215,2009-06-15,2009-08-01,2009-08-02,2009-08-04,48,3,2009-08-02,2009-08-04,2009-08-03,155.741
216,2009-06-23,2009-08-09,2009-08-10,2009-08-11,48,2,2009-08-10,2009-08-11,2009-08-10,135.883
217,2009-07-03,2009-08-19,2009-08-20,2009-08-20,48,1,2009-08-20,2009-08-20,2009-08-20,91.109
218,2009-07-23,2009-09-08,2009-09-09,2009-09-16,48,8,2009-09-09,2009-09-16,2009-09-13,160.662
219,2009-08-02,2009-09-18,2009-09-19,2009-09-20,48,2,2009-09-19,2009-09-20,2009-09-19,119.131
220,2009-08-13,2009-09-29,2009-09-30,2009-10-06,48,7,2009-09-30,2009-10-06,2009-10-02,98.264
221,2009-11-24,2010-01-10,2010-01-11,2010-01-15,48,5,2010-01-11,2010-01-15,2010-01-12,154.589
222,2009-12-04,2010-01-20,2010-01-21,2010-01-27,48,7,2010-01-21,2010-01-27,2010-01-22,141.208
223,2009-12-26,2010-02-11,2010-02-12,2010-02-21,48,10,2010-02-12,2010-02-21,2010-02-13,140.364
224,2010-03-07,2010-04-23,2010-04-24,2010-04-24,48,1,2010-04-24,2010-04-24,2010-04-24,88.334
225,2010-03-09,2010-04-25,2010-04-26,2010-05-01,48,6,2010-04-26,2010-05-01,2010-04-28,180.107
226,2010-03-22,2010-05-08,2010-05-09,2010-05-10,48,2,2010-05-09,2010-05-10,2010-05-09,133.934
227,2010-03-25,2010-05-11,2010-05-12,2010-05-17,48,6,2010-05-12,2010-05-17,2010-05-14,204.069
228,2010-06-02,2010-07-19,2010-07-20,2010-07-20,48,1,2010-07-20,2010-07-20,2010-07-20,99.814
229,2010-06-05,2010-07-22,2010-07-23,2010-07-24,48,2,2010-07-23,2010-07-24,2010-07-23,127.577
230,2010-10-13,2010-11-29,2010-11-30,2010-11-30,48,1,2010-11-30,2010-11-30,2010-11-30,116.168
231,2010-12-03,2011-01-19,2011-01-20,2011-01-20,48,1,2011-01-20,2011-01-20,2011-01-20,91.869
232,2010-12-06,2011-01-22,2011-01-23,2011-01-31,48,9,2011-01-23,2011-01-31,2011-01-27,141.489
233,2010-12-16,2011-02-01,2011-02-02,2011-02-02,48,1,2011-02-02,2011-02-02,2011-02-02,87.08
234,2010-12-21,2011-02-06,2011-02-07,2011-02-08,48,2,2011-02-07,2011-02-08,2011-02-08,118.861
235,2010-12-24,2011-02-09,2011-02-10,2011-02-17,48,8,2011-02-10,2011-02-17,2011-02-13,133.656
236,2011-01-05,2011-02-21,2011-02-22,2011-02-22,48,1,2011-02-22,2011-02-22,2011-02-22,107.652
237,2011-05-15,2011-07-01,2011-07-02,2011-07-03,48,2,2011-07-02,2011-07-03,2011-07-03,88.083
238,2011-06-03,2011-07-20,2011-07-21,2011-07-23,48,3,2011-07-21,2011-07-23,2011-07-22,151.717
239,2011-06-22,2011-08-08,2011-08-09,2011-08-19,48,11,2011-08-09,2011-08-19,2011-08-10,248.88
240,2011-07-07,2011-08-23,2011-08-24,2011-08-24,48,1,2011-08-24,2011-08-24,2011-08-24,102.932
241,2011-07-12,2011-08-28,2011-08-29,2011-09-22,48,25,2011-08-29,2011-09-22,2011-08-31,279.685
242,2011-11-28,2012-01-14,2012-01-15,2012-01-16,48,2,2012-01-15,2012-01-16,2012-01-15,115.899
243,2011-12-01,2012-01-17,2012-01-18,2012-01-20,48,3,2012-01-18,2012-01-20,2012-01-19,96.463
244,2011-12-09,2012-01-25,2012-01-26,2012-01-26,48,1,2012-01-26,2012-01-26,2012-01-26,89.089
245,2011-12-21,2012-02-06,2012-02-07,2012-02-12,48,6,2012-02-07,2012-02-12,2012-02-08,116.168
246,2012-05-02,2012-06-18,2012-06-19,2012-06-20,48,2,2012-06-19,2012-06-20,2012-06-19,155.741
247,2012-05-06,2012-06-22,2012-06-23,2012-06-24,48,2,2012-06-23,2012-06-24,2012-06-23,112.157
248,2012-09-06,2012-10-23,2012-10-24,2012-10-24,48,1,2012-10-24,2012-10-24,2012-10-24,93.649
249,2013-01-17,2013-03-05,2013-03-06,2013-03-08,48,3,2013-03-06,2013-03-08,2013-03-06,149.715
250,2013-02-01,2013-03-20,2013-03-21,2013-03-24,48,4,2013-03-21,2013-03-24,2013-03-22,160.371
251,2013-05-05,2013-06-21,2013-06-22,2013-06-22,48,1,2013-06-22,2013-06-22,2013-06-22,97.749
252,2013-06-23,2013-08-09,2013-08-10,2013-08-17,48,8,2013-08-10,2013-08-17,2013-08-12,204.069
253,2013-07-09,2013-08-25,2013-08-26,2013-08-29,48,4,2013-08-26,2013-08-29,2013-08-27,158.052
254,2013-08-04,2013-09-20,2013-09-21,2013-10-02,48,12,2013-09-21,2013-10-02,2013-09-23,236.36
255,2013-11-18,2014-01-04,2014-01-05,2014-01-05,48,1,2014-01-05,2014-01-05,2014-01-05,105.811
256,2013-11-26,2014-01-12,2014-01-13,2014-01-14,48,2,2014-01-13,2014-01-14,2014-01-14,105.811
257,2014-02-14,2014-04-02,2014-04-03,2014-04-04,48,2,2014-04-03,2014-04-04,2014-04-04,122.112
258,2014-02-21,2014-04-09,2014-04-10,2014-04-10,48,1,2014-04-10,2014-04-10,2014-04-10,87.08
259,2014-03-14,2014-04-30,2014-05-01,2014-05-02,48,2,2014-05-01,2014-05-02,2014-05-02,115.095
260,2014-04-05,2014-05-22,2014-05-23,2014-05-24,48,2,2014-05-23,2014-05-24,2014-05-23,135.325
261,2014-04-19,2014-06-05,2014-06-06,2014-06-16,48,11,2014-06-06,2014-06-16,2014-06-10,167.67
262,2014-05-10,2014-06-26,2014-06-27,2014-07-08,48,12,2014-06-27,2014-07-08,2014-06-29,237.956
263,2014-08-13,2014-09-29,2014-09-30,2014-10-04,48,5,2014-09-30,2014-10-04,2014-09-30,164.449
264,2014-08-28,2014-10-14,2014-10-15,2014-10-16,48,2,2014-10-15,2014-10-16,2014-10-15,156.896
265,2014-11-04,2014-12-21,2014-12-22,2014-12-23,48,2,2014-12-22,2014-12-23,2014-12-22,108.444
266,2014-11-22,2015-01-08,2015-01-09,2015-01-11,48,3,2015-01-09,2015-01-11,2015-01-09,129.701
267,2014-11-30,2015-01-16,2015-01-17,2015-01-23,48,7,2015-01-17,2015-01-23,2015-01-18,160.675
268,2014-12-10,2015-01-26,2015-01-27,2015-01-28,48,2,2015-01-27,2015-01-28,2015-01-27,105.772
269,2014-12-17,2015-02-02,2015-02-03,2015-02-05,48,3,2015-02-03,2015-02-05,2015-02-04,125.711
270,2015-03-26,2015-05-12,2015-05-13,2015-05-13,48,1,2015-05-13,2015-05-13,2015-05-13,97.258
271,2015-04-10,2015-05-27,2015-05-28,2015-05-28,48,1,2015-05-28,2015-05-28,2015-05-28,126.615
272,2015-04-28,2015-06-14,2015-06-15,2015-06-17,48,3,2015-06-15,2015-06-17,2015-06-15,208.489
273,2015-05-02,2015-06-18,2015-06-19,2015-06-20,48,2,2015-06-19,2015-06-20,2015-06-19,112.818
274,2015-05-21,2015-07-07,2015-07-08,2015-07-10,48,3,2015-07-08,2015-07-10,2015-07-09,140.473
275,2015-05-28,2015-07-14,2015-07-15,2015-07-31,48,17,2015-07-15,2015-07-31,2015-07-16,276.442
276,2015-08-01,2015-09-17,2015-09-18,2015-11-09,48,53,2015-09-18,2015-11-09,2015-10-23,380.561
277,2015-11-13,2015-12-30,2015-12-31,2015-12-31,48,1,2015-12-31,2015-12-31,2015-12-31,89.39
278,2015-12-15,2016-01-31,2016-02-01,2016-02-10,48,10,2016-02-01,2016-02-10,2016-02-03,259.918
279,2016-01-16,2016-03-03,2016-03-04,2016-03-06,48,3,2016-03-04,2016-03-06,2016-03-04,235.564
280,2016-02-07,2016-03-25,2016-03-26,2016-03-27,48,2,2016-03-26,2016-03-27,2016-03-26,148.481
281,2016-03-06,2016-04-22,2016-04-23,2016-04-24,48,2,2016-04-23,2016-04-24,2016-04-23,152.671
282,2016-03-10,2016-04-26,2016-04-27,2016-04-29,48,3,2016-04-27,2016-04-29,2016-04-28,160.928
283,2016-05-28,2016-07-14,2016-07-15,2016-07-17,48,3,2016-07-15,2016-07-17,2016-07-15,146.524
284,2016-08-31,2016-10-17,2016-10-18,2016-10-28,48,11,2016-10-18,2016-10-28,2016-10-20,203.499
285,2016-10-17,2016-12-03,2016-12-04,2016-12-05,48,2,2016-12-04,2016-12-05,2016-12-05,122.463
286,2016-11-03,2016-12-20,2016-12-21,2016-12-21,48,1,2016-12-21,2016-12-21,2016-12-21,136.413
287,2016-11-11,2016-12-28,2016-12-29,2017-01-02,48,5,2016-12-29,2017-01-02,2016-12-31,178.451
288,2016-11-19,2017-01-05,2017-01-06,2017-01-11,48,6,2017-01-06,2017-01-11,2017-01-07,140.233
289,2016-12-13,2017-01-29,2017-01-30,2017-01-30,48,1,2017-01-30,2017-01-30,2017-01-30,99.331
290,2016-12-27,2017-02-12,2017-02-13,2017-02-13,48,1,2017-02-13,2017-02-13,2017-02-13,106.297
291,2017-04-10,2017-05-27,2017-05-28,2017-06-18,48,22,2017-05-28,2017-06-18,2017-06-06,467.325
292,2017-11-07,2017-12-24,2017-12-25,2017-12-26,48,2,2017-12-25,2017-12-26,2017-12-25,208.489
293,2017-11-24,2018-01-10,2018-01-11,2018-01-27,48,17,2018-01-11,2018-01-27,2018-01-11,170.895
294,2018-07-06,2018-08-22,2018-08-23,2018-08-23,48,1,2018-08-23,2018-08-23,2018-08-23,86.515
295,2018-07-08,2018-08-24,2018-08-25,2018-08-25,48,1,2018-08-25,2018-08-25,2018-08-25,102.281
296,2018-07-16,2018-09-01,2018-09-02,2018-09-09,48,8,2018-09-02,2018-09-09,2018-09-05,226.881
297,2018-09-14,2018-10-31,2018-11-01,2018-11-01,48,1,2018-11-01,2018-11-01,2018-11-01,119.59
298,2018-09-17,2018-11-03,2018-11-04,2018-11-04,48,1,2018-11-04,2018-11-04,2018-11-04,112.11
299,2018-10-14,2018-11-30,2018-12-01,2018-12-01,48,1,2018-12-01,2018-12-01,2018-12-01,96.397
